Time,Conv_time,,
6,06:00 AM,,
8:45,08:45 AM,,
7:00 AM,07:00 AM,,
6,06:00 AM,,
7:30,07:30 AM,,
7,07:00 AM,,
7:00 AM,07:00 AM,,
7a,07:00 AM,,
6am,06:00 AM,,
7:30,07:30 AM,,
7:45am,07:00 AM,,
6:30 AM,06:30 AM,,
6:52,06:52 AM,,
7am,07:00 AM,,
6:30am,06:00 AM,,
8,08:00 AM,,
9,09:00 AM,,
8:30,08:30 AM,,
5a,05:00 AM,,
6:30,06:30 AM,,
7,07:00 AM,,
8,08:00 AM,,
7:23 AM,07:23 AM,,
11:30 AM,11:30 AM,,
5,05:00 AM,,
7:30 AM,07:30 AM,,
7,07:00 AM,,
7:40,07:40 AM,,
8,08:00 AM,,
7:10 AM,07:10 AM,,
800,08:00 AM,,
7,07:00 AM,,
7:00 AM,07:00 AM,,
7,07:00 AM,,
7,07:00 AM,,
6:15,06:15 AM,,
7,07:00 AM,,
7:00 AM,07:00 AM,,
7,07:00 AM,,
6:00 AM,06:00 AM,,
7,07:00 AM,,
7:00 am PT,07:00 AM,,
10,10:00 AM,,
8,08:00 AM,,
8:00,08:00 AM,,
7:30,07:30 AM,,
12pm,01:00 AM,,
4:45,04:45 AM,,
7,07:00 AM,,
7am,07:00 AM,,
7:30 AM EST,07:00 AM,,
06:00am,12:00 AM,,
7.00 am,07:00 AM,,
7am,07:00 AM,,
6:30am,06:00 AM,,
7:15,07:15 AM,,
00:30 AM ist ,12:00 AM,,
7,07:00 AM,,
7:00,07:00 AM,,
7,07:00 AM,,
7:05,07:05 AM,,
4:36,04:36 AM,,
07:00 am (UTC+3),12:00 AM,,
6:00am,06:00 AM,,
5:00 a.m. M.S.T.,05:00 AM,,
6:00,06:00 AM,,
4:30 AM,04:30 AM,,
6:05am,06:00 AM,,
6am,06:00 AM,,
7:30,07:30 AM,,
6:00 AM,06:00 AM,,
8:30,08:30 AM,,
6:20AM,06:00 AM,,
8:30,08:30 AM,,
7:00 AM,07:00 AM,,
8:00 AM,08:00 AM,,
7:30,07:30 AM,,
7am,07:00 AM,,
6:00 AM,06:00 AM,,
8:00,08:00 AM,,
8:30,08:30 AM,,
5:00am,05:00 AM,,
6AM,06:00 AM,,
6AM,06:00 AM,,
6,06:00 AM,,
7:50,07:50 AM,,
8:30am,08:00 AM,,
7am,07:00 AM,,
8:30 AM,08:30 AM,,
6:00 AM,06:00 AM,,
9:00 AM,09:00 AM,,
7:30,07:30 AM,,
7:30,07:30 AM,,
7,07:00 AM,,
7am,07:00 AM,,
5:30,05:30 AM,,
8:00 AM,08:00 AM,,
7:15,07:15 AM,,
0,12:00 AM,,
7:09am,07:00 AM,,
8,08:00 AM,,
7:15,07:15 AM,,
5am,05:00 AM,,
8,08:00 AM,,
7:00 AM,07:00 AM,,
7:30AM,07:00 AM,,
6:30am,06:00 AM,,
7,07:00 AM,,
7am,07:00 AM,,
6:30 AM,06:30 AM,,
8:00 AM,08:00 AM,,
7:30,07:30 AM,,
520am,05:00 AM,,
6:20 AM,06:20 AM,,
7:30 AM,07:30 AM,,
9,09:00 AM,,
5:30,05:30 AM,,
730am,07:00 AM,,
6,06:00 AM,,
6:30 AM,06:30 AM,,
730am,07:00 AM,,
8:00 AM,08:00 AM,,
5:00 AM,05:00 AM,,
8,08:00 AM,,
5:30,05:30 AM,,
7:30,07:30 AM,,
7,07:00 AM,,
8:30AM,08:00 AM,,
8:00 AM,08:00 AM,,
6:00 AM,06:00 AM,,
6:30am MST,06:00 AM,,
8:00 AM,08:00 AM,,
5:45,05:45 AM,,
7:30 AM,07:30 AM,,
7,07:00 AM,,
6am MT,06:00 AM,,
8:15,08:15 AM,,
5:00 AM - slept in,05:00 AM,,
5:45 AM,05:45 AM,,
6:00 AM,06:00 AM,,
7.30 a.m.,07:00 AM,,
5am,05:00 AM,,
7:45,07:45 AM,,
730am,07:00 AM,,
7:30 AM,07:30 AM,,
7am,07:00 AM,,
6:45AM,06:00 AM,,
630am,06:00 AM,,
7.55 AM,07:00 AM,,
9:00 AM,09:00 AM,,
7,07:00 AM,,
5:00 AM,05:00 AM,,
7am,07:00 AM,,
7:00 AM,07:00 AM,,
4am,04:00 AM,,
7:30 AM,07:30 AM,,
8,08:00 AM,,
6,06:00 AM,,
7:30,07:30 AM,,
0530 CT,12:00 AM,,
7:15 AM,07:15 AM,,
7:30am,07:00 AM,,
8:00,08:00 AM,,
5:30 a.m.,05:00 AM,,
6:50,06:50 AM,,
6:30,06:30 AM,,
6:30,06:30 AM,,
8:00 AM,08:00 AM,,
12,12:00 PM,,
8:00 AM,08:00 AM,,
7:30 AM,07:30 AM,,
6:30am ,06:00 AM,,
8:30,08:30 AM,,
8:00 AM CST,08:00 AM,,
6:40 AM,06:40 AM,,
2am,02:00 AM,,
7:30,07:30 AM,,
7:45,07:45 AM,,
5am,05:00 AM,,
8,08:00 AM,,
8:00AM,08:00 AM,,
6:30 AM,06:30 AM,,
7:15,07:15 AM,,
7,07:00 AM,,
7AM,07:00 AM,,
8,08:00 AM,,
9:30,09:30 AM,,
8ish,08:00 AM,,
7,07:00 AM,,
8:00 AM,08:00 AM,,
6:30,06:30 AM,,
7:50 AM,07:50 AM,,
630am,06:00 AM,,
4AM,04:00 AM,,
7:30,07:30 AM,,
4am,04:00 AM,,
8,08:00 AM,,
6am,06:00 AM,,
5:30 AM,05:30 AM,,
6:30 AM,06:30 AM,,
7:30am,07:00 AM,,
7:30,07:30 AM,,
7am,07:00 AM,,
6:30,06:30 AM,,
7,07:00 AM,,
8:00,08:00 AM,,
6:15am,06:00 AM,,
5:00 AM,05:00 AM,,
8:30 AM,08:30 AM,,
7:00,07:00 AM,,
6am,06:00 AM,,
90,06:00 PM,,
7,07:00 AM,,
7:30 AM,07:30 AM,,
6:45am,06:00 AM,,
5:00am,05:00 AM,,
5:45am,05:00 AM,,
5:50am,05:00 AM,,
4:00am,04:00 AM,,
7:00 AM,07:00 AM,,
6AM,06:00 AM,,
7am,07:00 AM,,
6am,06:00 AM,,
7:15,07:15 AM,,
6am,06:00 AM,,
6:30 AM,06:30 AM,,
23:30,11:30 PM,,
10,10:00 AM,,
5:15AM,05:00 AM,,
7:15,07:15 AM,,
6:00 AM,06:00 AM,,
6AM,06:00 AM,,
6:00 AM,06:00 AM,,
5:55 EST,05:00 AM,,
7:45,07:45 AM,,
7,07:00 AM,,
7:00 AM,07:00 AM,,
6:30,06:30 AM,,
7,07:00 AM,,
8am,08:00 AM,,
6:30,06:30 AM,,
8:30,08:30 AM,,
5:30 AM,05:30 AM,,
7:10,07:10 AM,,
8:00 AM,08:00 AM,,
5:00 AM,05:00 AM,,
9:00 AM,09:00 AM,,
7:00,07:00 AM,,
6Z:45,06:00 AM,,
5,05:00 AM,,
7:00 AM,07:00 AM,,
8:10,08:10 AM,,
8:10,08:10 AM,,
10:00 PM,10:00 PM,,
7:30 AM,07:30 AM,,
7am,07:00 AM,,
730,10:00 AM,,
5,05:00 AM,,
6:30,06:30 AM,,
7am,07:00 AM,,
9am,09:00 AM,,
8:00 AM,08:00 AM,,
7:00 AM,07:00 AM,,
6:00 AM,06:00 AM,,
6AM,06:00 AM,,
530AM,05:00 AM,,
730,10:00 AM,,
8,08:00 AM,,
7,07:00 AM,,
7:00 AM,07:00 AM,,
8am,08:00 AM,,
5:00 AM,05:00 AM,,
7:00,07:00 AM,,
7:00,07:00 AM,,
7:30,07:30 AM,,
6am,06:00 AM,,
7:30,07:30 AM,,
08:00am,12:00 AM,,
8,08:00 AM,,
8,08:00 AM,,
7:30,07:30 AM,,
6:30,06:30 AM,,
6:45,06:45 AM,,
7,07:00 AM,,
4:30am,04:00 AM,,
7:40 AM,07:40 AM,,
7:00am,07:00 AM,,
5:30,05:30 AM,,
6:30,06:30 AM,,
7:00 AM,07:00 AM,,
7:15 am (CST),07:00 AM,,
8,08:00 AM,,
5:00 AM,05:00 AM,,
7:00 AM,07:00 AM,,
10:00 AM,10:00 AM,,
7:30,07:30 AM,,
7:30 AM,07:30 AM,,
7 am PT,07:00 AM,,
5:20,05:20 AM,,
6:00 AM,06:00 AM,,
5:30,05:30 AM,,
6:30,06:30 AM,,
8:30 AM,08:30 AM,,
8,08:00 AM,,
5:45,05:45 AM,,
6,06:00 AM,,
7am,07:00 AM,,
8,08:00 AM,,
8,08:00 AM,,
12,12:00 PM,,
7,07:00 AM,,
1:00 AM,01:00 AM,,
5:30 AM,05:30 AM,,
6:30 AM,06:30 AM,,
5,05:00 AM,,
8am,08:00 AM,,
8,08:00 AM,,
815,11:00 PM,,
8:00,08:00 AM,,
8:30,08:30 AM,,
8,08:00 AM,,
8am,08:00 AM,,
5:50am EST,05:00 AM,,
7am,07:00 AM,,
12,12:00 PM,,
9am,09:00 AM,,
7-730am,07:00 AM,,
6am,06:00 AM,,
6:06am,06:00 AM,,
7:00 AM,07:00 AM,,
7.30am,07:00 AM,,
7:55,07:55 AM,,
7:30am,07:00 AM,,
7:45am,07:00 AM,,
6am,06:00 AM,,
7:00,07:00 AM,,
8:00 AM,08:00 AM,,
8:15 AM,08:15 AM,,
8,08:00 AM,,
7:15 AM,07:15 AM,,
7:30,07:30 AM,,
9am,09:00 AM,,
9,09:00 AM,,
8,08:00 AM,,
7,07:00 AM,,
6:00am,06:00 AM,,
6,06:00 AM,,
7:00,07:00 AM,,
7am,07:00 AM,,
5:30,05:30 AM,,
6:45,06:45 AM,,
7:10,07:10 AM,,
4:30,04:30 AM,,
7am,07:00 AM,,
7am,07:00 AM,,
7am,07:00 AM,,
6:45am CST,06:00 AM,,
715 am,07:00 AM,,
12:00 PM,12:00 PM,,
6,06:00 AM,,
7:30,07:30 AM,,
6am,06:00 AM,,
7:56,07:56 AM,,
6am,06:00 AM,,
7:00,07:00 AM,,
5:30,05:30 AM,,
6:30 AM,06:30 AM,,
7:30 am CST,07:00 AM,,
7:00 AM,07:00 AM,,
7,07:00 AM,,
6:50,06:50 AM,,
8,08:00 AM,,
5:00,05:00 AM,,
5am,05:00 AM,,
7am,07:00 AM,,
0700am LT,12:00 AM,,
7,07:00 AM,,
6,06:00 AM,,
7,07:00 AM,,
1,12:00 AM,,
5:30,05:30 AM,,
6:30,06:30 AM,,
7:30AM,07:00 AM,,
6:45,06:45 AM,,
530am,05:00 AM,,
6,06:00 AM,,
5:15,05:15 AM,,
6:43a,06:00 AM,,
8:00AM,08:00 AM,,
7:00 AM,07:00 AM,,
6:30 PST,06:00 AM,,
7,07:00 AM,,
330,06:00 PM,,
7:00am,07:00 AM,,
6:15,06:15 AM,,
7am,07:00 AM,,
5,05:00 AM,,
4:30AM,04:00 AM,,
4 a.m.,04:00 AM,,
7,07:00 AM,,
8:00,08:00 AM,,
7:00 AM,07:00 AM,,
6:00AM,06:00 AM,,
5:35,05:35 AM,,
8,08:00 AM,,
7,07:00 AM,,
4 a.m.,04:00 AM,,
5:45AM,05:00 AM,,
7:45,07:45 AM,,
7,07:00 AM,,
8,08:00 AM,,
7am,07:00 AM,,
800,08:00 AM,,
6:00 AM,06:00 AM,,
5:15 AM,05:15 AM,,
8AM,08:00 AM,,
6:30,06:30 AM,,
7am,07:00 AM,,
7:30,07:30 AM,,
6,06:00 AM,,
8:30,08:30 AM,,
7:45 a.m.,07:00 AM,,
7:45,07:45 AM,,
6.30AM,06:00 AM,,
7:00 AM,07:00 AM,,
7.58am,07:00 AM,,
6:20,06:20 AM,,
7:30 AM,07:30 AM,,
7,07:00 AM,,
8,08:00 AM,,
11,11:00 AM,,
730,10:00 AM,,
4:30am,04:00 AM,,
6:45 AM,06:45 AM,,
10am,01:00 AM,,
7,07:00 AM,,
7:00 AM,07:00 AM,,
500,08:00 PM,,
7:00AM,07:00 AM,,
10:00 AM,10:00 AM,,
6:00 AM,06:00 AM,,
6:30am,06:00 AM,,
7:15am PST,07:00 AM,,
7:00,07:00 AM,,
7:00 AM,07:00 AM,,
6,06:00 AM,,
6:40,06:40 AM,,
5:45 AM,05:45 AM,,
6:25 AM,06:25 AM,,
6:30,06:30 AM,,
7AM,07:00 AM,,
7:00,07:00 AM,,
12pm,01:00 AM,,
8am India Standard Time,08:00 AM,,
7,07:00 AM,,
5 am EST,05:00 AM,,
6AM,06:00 AM,,
8,08:00 AM,,
6:00 AM,06:00 AM,,
7.30am,07:00 AM,,
7,07:00 AM,,
8AM,08:00 AM,,
7:30 AM,07:30 AM,,
6:30,06:30 AM,,
5:30am,05:00 AM,,
7:45,07:45 AM,,
7,07:00 AM,,
6:15am,06:00 AM,,
7am,07:00 AM,,
730,10:00 AM,,
6:30,06:30 AM,,
5:30am,05:00 AM,,
6am,06:00 AM,,
6:30 SM PDT,06:00 AM,,
8:25 AM,08:25 AM,,
7:00 AM,07:00 AM,,
7:30,07:30 AM,,
7:00 AM,07:00 AM,,
8,08:00 AM,,
8,08:00 AM,,
8am,08:00 AM,,
6am,06:00 AM,,
5:41am,05:00 AM,,
9,09:00 AM,,
7,07:00 AM,,
7:00am,07:00 AM,,
7:15,07:15 AM,,
8am,08:00 AM,,
5:30 AM,05:30 AM,,
5:28,05:28 AM,,
7:30 AM,07:30 AM,,
7:20,07:20 AM,,
6:30,06:30 AM,,
7,07:00 AM,,
5:30,05:30 AM,,
6AM,06:00 AM,,
5:45,05:45 AM,,
7am,07:00 AM,,
8:00 AM,08:00 AM,,
7:00,07:00 AM,,
6:30,06:30 AM,,
5am,05:00 AM,,
5.55 am,05:00 AM,,
6:15,06:15 AM,,
9:30,09:30 AM,,
6AM,06:00 AM,,
8am,08:00 AM,,
5am pst,05:00 AM,,
7:30 AM EST,07:00 AM,,
715,07:00 PM,,
5:00 AM,05:00 AM,,
7am,07:00 AM,,
8:50,08:50 AM,,
7:00,07:00 AM,,
6:30,06:30 AM,,
6:20am,06:00 AM,,
5:45am,05:00 AM,,
750 est,07:00 AM,,
5:00 AM,05:00 AM,,
7:30,07:30 AM,,
515,11:00 AM,,
5:50am,05:00 AM,,
6:00,06:00 AM,,
7am,07:00 AM,,
4:30,04:30 AM,,
6:45,06:45 AM,,
6,06:00 AM,,
7:30am,07:00 AM,,
6,06:00 AM,,
7:00,07:00 AM,,
3:00am,03:00 AM,,
4:45 AM,04:45 AM,,
5:15,05:15 AM,,
7,07:00 AM,,
7am EST,07:00 AM,,
6:50 AM CST,06:00 AM,,
645,09:00 PM,,
6:00 AM,06:00 AM,,
"0700 am PT work at home pandemic San Diego, CA",12:00 AM,,
7,07:00 AM,,
6:00 AM,06:00 AM,,
0,12:00 AM,,
6:00,06:00 AM,,
8:15,08:15 AM,,
7,07:00 AM,,
8,08:00 AM,,
5:20 AM,05:20 AM,,
7:00am CST,07:00 AM,,
6:30 AM,06:30 AM,,
5:50AM,05:00 AM,,
7,07:00 AM,,
6:30,06:30 AM,,
6:30am,06:00 AM,,
5:30 AM,05:30 AM,,
6:00,06:00 AM,,
7:30 AM,07:30 AM,,
515Am,05:00 AM,,
9:15am,09:00 AM,,
5am,05:00 AM,,
605,05:00 AM,,
800,08:00 AM,,
6.30am,06:00 AM,,
5:45am,05:00 AM,,
7,07:00 AM,,
5:50AM,05:00 AM,,
6:15 AM,06:15 AM,,
5am,05:00 AM,,
6:55am,06:00 AM,,
6:00 AM,06:00 AM,,
5:45,05:45 AM,,
06.30 am,12:00 AM,,
8:30 AM,08:30 AM,,
7,07:00 AM,,
6:10,06:10 AM,,
5:00 AM,05:00 AM,,
6:30,06:30 AM,,
6am PST,06:00 AM,,
9:40,09:40 AM,,
7:00,07:00 AM,,
6:30 AM,06:30 AM,,
5am,05:00 AM,,
6:50 AM,06:50 AM,,
5:30 AM,05:30 AM,,
8,08:00 AM,,
6:00am,06:00 AM,,
6:30,06:30 AM,,
7:00am,07:00 AM,,
7am,07:00 AM,,
7:00 AM,07:00 AM,,
8:30,08:30 AM,,
8:20,08:20 AM,,
7:00 AM,07:00 AM,,
8am,08:00 AM,,
7:30,07:30 AM,,
5a,05:00 AM,,
7:30,07:30 AM,,
4:50a.m.,04:00 AM,,
8:30,08:30 AM,,
7am,07:00 AM,,
6AM,06:00 AM,,
5:45 AM,05:45 AM,,
8:00 am IST,08:00 AM,,
9,09:00 AM,,
7:00 AM,07:00 AM,,
7:00,07:00 AM,,
5:30,05:30 AM,,
530,02:00 AM,,
5:50,05:50 AM,,
6:30,06:30 AM,,
7:15,07:15 AM,,
6:30am,06:00 AM,,
6:30 AM,06:30 AM,,
6:00,06:00 AM,,
7am,07:00 AM,,
645,09:00 PM,,
7,07:00 AM,,
8am,08:00 AM,,
530,02:00 AM,,
6:45am,06:00 AM,,
8:00 AM,08:00 AM,,
6:45,06:45 AM,,
6:00 AM,06:00 AM,,
7:30,07:30 AM,,
6:45am PST,06:00 AM,,
8 AM IST,08:00 AM,,
7:30,07:30 AM,,
5am,05:00 AM,,
5:45AM,05:00 AM,,
8:00 AM,08:00 AM,,
7,07:00 AM,,
7:20 AM,07:20 AM,,
7am,07:00 AM,,
6:00 AM,06:00 AM,,
5:45 AM,05:45 AM,,
7,07:00 AM,,
5:00 AM,05:00 AM,,
6:00am,06:00 AM,,
8:00 AM,08:00 AM,,
7am,07:00 AM,,
8:00,08:00 AM,,
8:30am (GMT+3),08:00 AM,,
5AM,05:00 AM,,
7:30 GMT,07:00 AM,,
7,07:00 AM,,
5:28,05:28 AM,,
6,06:00 AM,,
7am,07:00 AM,,
6,06:00 AM,,
6:00am,06:00 AM,,
